[
    {
        "timestamp": "2025-10-23 11:17:53",
        "attack_type": "SQL Injection",
        "user_ip": "127.0.0.1",
        "attacked_field": "search",
        "malicious_payload": "SELECT * FROM products WHERE name = '' OR 1=1 --';"
    },
    {
        "timestamp": "2025-10-23 11:25:17",
        "attack_type": "Path Traversal",
        "user_ip": "127.0.0.1",
        "attacked_field": "search",
        "malicious_payload": "../app.py"
    },
    {
        "timestamp": "2025-10-23 19:31:46",
        "attack_type": "SQL Injection",
        "user_ip": "127.0.0.1",
        "attacked_field": "search",
        "malicious_payload": "'' OR 1=1 --'"
    }
]